{"count":1,"self":31.425103999999997,"total":32.4687245,"children":{"InitializeActuators":{"count":10,"self":0.00099739999999999985,"total":0.00099739999999999985,"children":null},"InitializeSensors":{"count":10,"self":0.0009975,"total":0.0009975,"children":null},"AgentSendState":{"count":2030,"self":0.0324097,"total":0.25293309999999997,"children":{"CollectObservations":{"count":4060,"self":0.1850558,"total":0.1850558,"children":null},"WriteActionMask":{"count":4060,"self":0.012237099999999999,"total":0.012237099999999999,"children":null},"RequestDecision":{"count":4060,"self":0.023230499999999998,"total":0.023230499999999998,"children":null}}},"DecideAction":{"count":2030,"self":0.64396809999999993,"total":0.64396809999999993,"children":null},"AgentAct":{"count":2030,"self":0.1437269,"total":0.1437269,"children":null}},"gauges":{"Walker.CumulativeReward":{"count":114,"max":201.1038,"min":-2,"runningAverage":32.0550537,"value":46.84638,"weightedAverage":50.1990356}},"metadata":{"timer_format_version":"0.1.0","start_time_seconds":"1664807649","unity_version":"2021.3.4f1","command_line_arguments":"C:\\Program Files\\Unity\\Hub\\Editor\\2021.3.4f1\\Editor\\Unity.exe -projectpath C:\\Users\\Paulius\\Documents\\GitHub\\RF-Learning -useHub -hubIPC -cloudEnvironment production -licensingIpc LicenseClient-Paulius -hubSessionId 1944aa50-42f3-11ed-a8f7-131601504e19 -accessToken pG2F0iUWBZJ9G1VfFAdMeFGbcg6a7UIYKF9jU0YcL5o005f","communication_protocol_version":"1.5.0","com.unity.ml-agents_version":"2.0.1","scene_name":"Walker","end_time_seconds":"1664807681"}}